IP地址,端口,回源端口,TLS,数据中心,地区,城市,TCP延迟(ms),速度(MB/s)
104.27.81.105,8443,443,true,LAX,North America,Los Angeles,1,12.88
104.19.23.186,8443,443,true,LAX,North America,Los Angeles,1,12.88
104.27.56.177,8443,443,true,LAX,North America,Los Angeles,1,12.88
172.67.74.138,8443,443,true,SEA,North America,Seattle,2,12.88
172.64.176.242,8443,443,true,HKG,Asia Pacific,Hong Kong,2,12.88
172.67.67.102,8443,443,true,SEA,North America,Seattle,2,12.88
104.18.86.124,8443,443,true,HKG,Asia Pacific,Hong Kong,2,12.88
172.67.218.52,8443,443,true,SJC,North America,San Jose,2,12.88
104.23.121.47,8443,443,true,LAX,North America,Los Angeles,3,12.88
104.24.77.71,8443,443,true,LAX,North America,Los Angeles,3,12.88
162.159.130.44,8443,443,true,FRA,Europe,Frankfurt,3,12.88
104.23.109.171,8443,443,true,SJC,North America,San Jose,3,12.88
104.17.92.56,8443,443,SJC,true,North America,San Jose,3,12.88
104.19.167.166,8443,443,true,SEA,North America,Seattle,3,12.88
104.25.169.96,8443,443,true,SJC,North America,San Jose,3,12.88
104.25.123.164,8443,443,true,SJC,North America,San Jose,3,12.88
104.24.32.125,8443,443,true,LAX,North America,Los Angeles,3,12.88
104.24.147.199,8443,443,true,LAX,North America,Los Angeles,3,12.88
104.23.98.88,8443,443,true,SJC,North America,San Jose,3,12.88
104.24.50.142,8443,443,true,LAX,North America,Los Angeles,3,12.88
172.67.5.82,8443,443,true,FRA,Europe,Frankfurt,3,12.88
198.41.208.56,8443,443,true,SJC,North America,San Jose,3,12.88
172.64.48.90,8443,443,true,SJC,North America,San Jose,3,12.88
104.25.48.176,8443,443,true,LAX,North America,Los Angeles,3,12.88
104.25.39.248,8443,443,true,SJC,North America,San Jose,3,12.88
104.20.44.180,8443,443,true,LAX,North America,Los Angeles,3,12.88
104.20.30.95,8443,443,true,SJC,North America,San Jose,3,12.88
104.18.95.119,8443,443,true,SJC,North America,San Jose,3,12.88
104.18.53.161,8443,443,true,LAX,North America,Los Angeles,3,12.88
104.21.103.112,8443,443,true,SJC,North America,San Jose,3,12.88
104.25.6.184,8443,443,true,SJC,North America,San Jose,3,12.88
104.20.109.223,8443,443,true,LAX,North America,Los Angeles,3,12.88
104.19.160.96,8443,443,true,SEA,North America,Seattle,4,12.88
172.67.54.197,8443,443,true,LAX,North America,Los Angeles,4,12.88
172.66.0.90,8443,443,true,LAX,North America,Los Angeles,4,12.88
104.20.137.71,8443,443,true,LAX,North America,Los Angeles,4,12.88
104.24.149.235,8443,443,true,SJC,North America,San Jose,4,12.88
104.18.88.58,8443,443,true,HKG,Asia Pacific,Hong Kong,4,12.88
172.67.200.119,8443,443,true,LAX,North America,Los Angeles,4,12.88
172.67.107.92,8443,443,true,LAX,North America,Los Angeles,4,12.88
104.20.248.205,8443,443,true,LAX,North America,Los Angeles,4,12.88
104.21.16.253,8443,443,true,SEA,North America,Seattle,4,12.88
104.21.15.135,8443,443,true,SJC,North America,San Jose,4,12.88
104.21.17.61,8443,443,true,SEA,North America,Seattle,4,12.88
104.20.141.238,8443,443,true,SJC,North America,San Jose,4,12.88
104.19.174.124,8443,443,true,SEA,North America,Seattle,4,12.88
104.24.69.53,8443,443,true,SJC,North America,San Jose,4,12.88
104.27.46.223,8443,443,true,SJC,North America,San Jose,4,12.88
104.23.120.36,8443,443,true,LAX,North America,Los Angeles,4,12.88
104.20.107.151,8443,443,true,LAX,North America,Los Angeles,4,12.88
104.22.58.1,8443,443,true,SEA,North America,Seattle,4,12.88
172.64.35.246,8443,443,true,HKG,Asia Pacific,Hong Kong,4,12.88
104.16.255.227,8443,443,true,SJC,North America,San Jose,4,12.88
104.24.148.216,8443,443,true,SJC,North America,San Jose,4,12.88
104.25.35.136,8443,443,true,SJC,North America,San Jose,4,12.88
104.18.207.30,8443,443,true,SJC,North America,San Jose,4,12.88
104.17.216.152,8443,443,true,HKG,Asia Pacific,Hong Kong,4,12.88
104.19.252.8,8443,443,true,SJC,North America,San Jose,4,12.88
104.25.140.64,8443,443,true,LAX,North America,Los Angeles,4,12.88
104.21.205.168,8443,443,true,LAX,North America,Los Angeles,4,12.88
172.64.90.47,8443,443,true,LAX,North America,Los Angeles,4,12.88
172.67.97.167,8443,443,true,LAX,North America,Los Angeles,4,12.88
104.25.167.121,8443,443,true,LAX,North America,Los Angeles,4,12.88
104.25.166.26,8443,443,true,SJC,North America,San Jose,4,12.88
104.19.175.40,8443,443,true,SEA,North America,Seattle,4,12.88
104.21.200.253,8443,443,true,LAX,North America,Los Angeles,4,12.88
104.27.63.99,8443,443,true,LAX,North America,Los Angeles,4,12.88
104.18.54.11,8443,443,true,SJC,North America,San Jose,4,12.88
104.20.19.45,8443,443,true,LAX,North America,Los Angeles,4,12.88
104.20.45.80,8443,443,true,LAX,North America,Los Angeles,5,12.88
104.18.96.22,8443,443,true,SJC,North America,San Jose,5,12.88
104.25.115.74,8443,443,true,SJC,North America,San Jose,5,12.88
104.21.224.46,8443,443,true,SEA,North America,Seattle,5,12.88
104.17.198.80,8443,443,true,SJC,North America,San Jose,5,12.88
104.17.87.130,8443,443,true,SJC,North America,San Jose,5,12.88
104.17.204.4,8443,443,true,SJC,North America,San Jose,5,12.88
104.16.231.209,8443,443,true,SJC,North America,San Jose,5,12.88
104.19.186.66,8443,443,true,SJC,North America,San Jose,5,12.88
104.25.117.112,8443,443,true,LAX,North America,Los Angeles,5,12.88
104.24.71.124,8443,443,true,SJC,North America,San Jose,5,12.88
104.20.116.180,8443,443,true,LAX,North America,Los Angeles,5,12.88
172.67.84.242,8443,443,true,LAX,North America,Los Angeles,5,12.88
172.67.58.239,8443,443,true,LAX,North America,Los Angeles,5,12.88
172.64.84.224,8443,443,true,HKG,Asia Pacific,Hong Kong,5,12.88
172.67.93.169,8443,443,true,SJC,North America,San Jose,5,12.88
104.19.250.69,8443,443,true,SJC,North America,San Jose,5,12.88
104.18.57.193,8443,443,true,LAX,North America,Los Angeles,5,12.88
172.67.156.120,8443,443,true,SEA,North America,Seattle,5,12.88
104.25.234.81,8443,443,true,LAX,North America,Los Angeles,5,12.88
104.19.135.160,8443,443,true,LAX,North America,Los Angeles,5,12.88
104.25.161.49,8443,443,true,LAX,North America,Los Angeles,5,12.88
172.67.158.48,8443,443,true,SEA,North America,Seattle,5,12.88
172.65.237.31,8443,443,true,LAX,North America,Los Angeles,5,12.88
104.20.157.168,8443,443,true,LAX,North America,Los Angeles,5,12.88
172.64.91.115,8443,443,true,HKG,Asia Pacific,Hong Kong,5,12.88
104.19.22.152,8443,443,true,LAX,North America,Los Angeles,5,12.88
172.67.42.49,8443,443,true,SJC,North America,San Jose,5,12.88
104.27.24.107,8443,443,true,SJC,North America,San Jose,5,12.88
172.64.145.176,8443,443,true,HKG,Asia Pacific,Hong Kong,5,12.88
104.19.62.178,8443,443,true,SJC,North America,San Jose,5,12.88
198.41.214.12,8443,443,true,LAX,North America,Los Angeles,5,12.88
172.67.118.208,8443,443,true,LAX,North America,Los Angeles,5,12.88
104.27.123.69,8443,443,true,LAX,North America,Los Angeles,5,12.88
104.20.253.25,8443,443,true,LAX,North America,Los Angeles,5,12.88
104.25.55.150,8443,443,true,LAX,North America,Los Angeles,5,12.88
104.25.159.184,8443,443,true,SJC,North America,San Jose,5,12.88
104.22.63.96,8443,443,true,SEA,North America,Seattle,5,12.88
104.17.5.173,8443,443,true,SJC,North America,San Jose,5,12.88
104.19.187.139,8443,443,true,SJC,North America,San Jose,5,12.88
104.24.55.237,8443,443,true,SJC,North America,San Jose,5,12.88
104.17.88.155,8443,443,true,SJC,North America,San Jose,5,12.88
104.27.83.50,8443,443,true,LAX,North America,Los Angeles,5,12.88
104.23.119.152,8443,443,true,LAX,North America,Los Angeles,5,12.88
172.66.45.49,8443,443,true,SEA,North America,Seattle,5,12.88
104.18.208.142,8443,443,true,SJC,North America,San Jose,5,12.88
172.67.44.98,8443,443,true,LAX,North America,Los Angeles,5,12.88
104.20.42.211,8443,443,true,LAX,North America,Los Angeles,5,12.88
162.159.33.72,8443,443,true,LAX,North America,Los Angeles,6,12.88
162.159.32.105,8443,443,true,SJC,North America,San Jose,6,12.88
172.64.86.167,8443,443,true,HKG,Asia Pacific,Hong Kong,6,12.88
162.159.49.105,8443,443,true,SJC,North America,San Jose,6,12.88
104.17.115.82,8443,443,true,SJC,North America,San Jose,6,12.88
172.67.53.152,8443,443,true,LAX,North America,Los Angeles,6,12.88
104.20.249.70,8443,443,true,LAX,North America,Los Angeles,6,12.88
104.24.170.25,8443,443,true,SJC,North America,San Jose,6,12.88
104.17.199.122,8443,443,true,HKG,Asia Pacific,Hong Kong,6,12.88
104.27.66.101,8443,443,true,SJC,North America,San Jose,6,12.88
104.16.235.245,8443,443,true,SJC,North America,San Jose,6,12.88
104.18.191.178,8443,443,true,SEA,North America,Seattle,6,12.88
104.25.21.189,8443,443,true,SJC,North America,San Jose,6,12.88
104.16.14.253,8443,443,true,HKG,Asia Pacific,Hong Kong,6,12.88
104.22.56.147,8443,443,true,SEA,North America,Seattle,6,12.88
104.25.138.235,8443,443,true,SJC,North America,San Jose,6,12.88
104.25.164.189,8443,443,true,SJC,North America,San Jose,6,12.88
104.16.148.204,8443,443,true,SJC,North America,San Jose,6,12.88
104.17.94.133,8443,443,true,SJC,North America,San Jose,6,12.88
104.19.48.142,8443,443,true,LAX,North America,Los Angeles,6,12.88
104.27.9.149,8443,443,true,SJC,North America,San Jose,6,12.88
104.17.203.45,8443,443,true,HKG,Asia Pacific,Hong Kong,6,12.88
104.18.10.74,8443,443,true,SEA,North America,Seattle,6,12.88
104.25.53.183,8443,443,true,LAX,North America,Los Angeles,6,12.88
104.27.41.211,8443,443,true,LAX,North America,Los Angeles,6,12.88
198.41.222.4,8443,443,true,LAX,North America,Los Angeles,6,12.88
172.64.33.82,8443,443,true,LAX,North America,Los Angeles,6,12.88
104.16.249.43,8443,443,true,SJC,North America,San Jose,6,12.88
104.17.4.252,8443,443,true,SJC,North America,San Jose,6,12.88
104.20.252.100,8443,443,true,LAX,North America,Los Angeles,6,12.88
104.24.187.170,8443,443,true,SJC,North America,San Jose,7,12.88
104.20.150.26,8443,443,true,SJC,North America,San Jose,7,12.88
190.93.244.38,8443,443,true,SJC,North America,San Jose,7,12.88
104.19.180.82,8443,443,true,SJC,North America,San Jose,7,12.88
104.20.255.123,8443,443,true,LAX,North America,Los Angeles,7,12.88
104.21.221.240,8443,443,true,LAX,North America,Los Angeles,7,12.88
104.18.199.88,8443,443,true,SJC,North America,San Jose,7,12.88
104.20.251.66,8443,443,true,LAX,North America,Los Angeles,7,12.88
104.19.71.182,8443,443,true,LAX,North America,Los Angeles,7,12.88
104.19.136.238,8443,443,true,SJC,North America,San Jose,7,12.88
104.19.61.57,8443,443,true,LAX,North America,Los Angeles,7,12.88
104.20.114.21,8443,443,true,LAX,North America,Los Angeles,7,12.88
172.64.34.244,8443,443,true,LAX,North America,Los Angeles,7,12.88
104.19.140.10,8443,443,true,LAX,North America,Los Angeles,7,12.88
172.64.32.81,8443,443,true,LAX,North America,Los Angeles,7,12.88
104.19.204.63,8443,443,true,LAX,North America,Los Angeles,7,12.88
104.19.70.115,8443,443,true,SJC,North America,San Jose,7,12.88
104.18.206.73,8443,443,true,SJC,North America,San Jose,7,12.88
104.20.240.9,8443,443,true,SJC,North America,San Jose,7,12.88
162.159.134.123,8443,443,true,NRT,Asia Pacific,Tokyo,7,12.88
104.20.27.227,8443,443,true,LAX,North America,Los Angeles,7,12.88
104.27.60.74,8443,443,true,SJC,North America,San Jose,7,12.88
104.19.169.109,8443,443,true,SEA,North America,Seattle,7,12.88
104.19.27.15,8443,443,true,LAX,North America,Los Angeles,7,12.88
104.22.30.2,8443,443,true,SJC,North America,San Jose,7,12.88
104.23.116.68,8443,443,true,LAX,North America,Los Angeles,7,12.88
104.23.115.230,8443,443,true,LAX,North America,Los Angeles,7,12.88
104.23.117.85,8443,443,true,LAX,North America,Los Angeles,7,12.88
104.23.118.113,8443,443,true,SJC,North America,San Jose,7,12.88
104.22.62.250,8443,443,true,SEA,North America,Seattle,7,12.88
172.67.190.178,8443,443,true,LAX,North America,Los Angeles,7,12.88
104.22.64.142,8443,443,true,LAX,North America,Los Angeles,7,12.88
104.17.126.224,8443,443,true,SJC,North America,San Jose,8,12.88
104.17.125.204,8443,443,true,SJC,North America,San Jose,8,12.88
104.20.124.51,8443,443,true,SJC,North America,San Jose,8,12.88
104.24.72.205,8443,443,true,SJC,North America,San Jose,8,12.88
104.24.35.162,8443,443,true,SJC,North America,San Jose,8,12.88
104.24.184.21,8443,443,true,SJC,North America,San Jose,8,12.88
104.19.63.141,8443,443,true,LAX,North America,Los Angeles,8,12.88
104.24.67.160,8443,443,true,SJC,North America,San Jose,8,12.88
104.18.60.217,8443,443,true,LAX,North America,Los Angeles,8,12.88
104.24.74.241,8443,443,true,SJC,North America,San Jose,8,12.88
104.18.166.17,8443,443,true,SJC,North America,San Jose,8,12.88
104.17.3.59,8443,443,true,SJC,North America,San Jose,8,12.88
104.27.75.86,8443,443,true,LAX,North America,Los Angeles,8,12.88
162.159.60.8,8443,443,true,SJC,North America,San Jose,8,12.88
104.23.114.164,8443,443,true,LAX,North America,Los Angeles,8,12.88
104.18.90.159,8443,443,true,HKG,Asia Pacific,Hong Kong,8,12.88
104.24.182.242,8443,443,true,LAX,North America,Los Angeles,8,12.88
104.18.92.72,8443,443,true,SJC,North America,San Jose,8,12.88
104.21.93.57,8443,443,true,SJC,North America,San Jose,8,12.88
104.27.20.253,8443,443,true,LAX,North America,Los Angeles,8,12.88
104.20.250.53,8443,443,true,LAX,North America,Los Angeles,8,12.88
104.22.29.54,8443,443,true,SJC,North America,San Jose,8,12.88
104.24.78.79,8443,443,true,SJC,North America,San Jose,8,12.88
104.18.91.253,8443,443,true,SJC,North America,San Jose,8,12.88
104.17.206.38,8443,443,true,HKG,Asia Pacific,Hong Kong,8,12.88
104.21.121.74,8443,443,true,LAX,North America,Los Angeles,8,12.88
104.24.34.11,8443,443,true,SJC,North America,San Jose,8,12.88
172.67.40.252,8443,443,true,LAX,North America,Los Angeles,8,12.88
104.18.170.82,8443,443,true,HKG,Asia Pacific,Hong Kong,8,12.88
104.18.165.125,8443,443,true,SJC,North America,San Jose,8,12.88
104.17.124.11,8443,443,true,SJC,North America,San Jose,8,12.88
104.24.56.9,8443,443,true,SJC,North America,San Jose,8,12.88
104.20.32.98,8443,443,true,LAX,North America,Los Angeles,8,12.88
104.27.69.57,8443,443,true,SJC,North America,San Jose,8,12.88
104.24.171.65,8443,443,true,SJC,North America,San Jose,8,12.88
104.19.141.243,8443,443,true,LAX,North America,Los Angeles,8,12.88
104.21.203.38,8443,443,true,LAX,North America,Los Angeles,8,12.88
172.67.169.191,8443,443,true,SEA,North America,Seattle,8,12.88
172.67.170.21,8443,443,true,SEA,North America,Seattle,8,12.88
104.25.165.12,8443,443,true,SJC,North America,San Jose,8,12.88
162.159.133.206,8443,443,true,NRT,Asia Pacific,Tokyo,9,12.88
104.24.165.77,8443,443,true,SJC,North America,San Jose,9,12.88
104.18.79.230,8443,443,true,SEA,North America,Seattle,9,12.88
104.17.112.246,8443,443,true,SJC,North America,San Jose,9,12.88
104.22.61.124,8443,443,true,SEA,North America,Seattle,9,12.88
104.19.25.166,8443,443,true,SJC,North America,San Jose,9,12.88
172.67.112.112,8443,443,true,LAX,North America,Los Angeles,9,12.88
104.19.185.136,8443,443,true,SJC,North America,San Jose,9,12.88
172.67.160.248,8443,443,true,SEA,North America,Seattle,9,12.88
104.25.105.25,8443,443,true,SJC,North America,San Jose,9,12.88
104.18.172.134,8443,443,true,SJC,North America,San Jose,9,12.88
104.18.171.144,8443,443,true,SJC,North America,San Jose,9,12.88
104.25.243.112,8443,443,true,HKG,Asia Pacific,Hong Kong,9,12.88
104.17.122.247,8443,443,true,SJC,North America,San Jose,9,12.88
104.17.123.29,8443,443,true,SJC,North America,San Jose,9,12.88
104.23.127.40,8443,443,true,LAX,North America,Los Angeles,9,12.88
104.17.121.188,8443,443,true,SJC,North America,San Jose,9,12.88
104.17.120.83,8443,443,true,SJC,North America,San Jose,9,12.88
104.19.26.11,8443,443,true,LAX,North America,Los Angeles,9,12.88
104.27.19.180,8443,443,true,SJC,North America,San Jose,9,12.88
104.20.225.79,8443,443,true,LAX,North America,Los Angeles,9,12.88
172.67.154.174,8443,443,true,SEA,North America,Seattle,9,12.88
104.19.60.8,8443,443,true,LAX,North America,Los Angeles,9,12.88
104.20.21.1,8443,443,true,LAX,North America,Los Angeles,9,12.88
104.19.55.133,8443,443,true,SJC,North America,San Jose,9,12.88
104.19.139.163,8443,443,true,LAX,North America,Los Angeles,9,12.88
104.22.28.217,8443,443,true,SJC,North America,San Jose,9,12.88
104.16.230.226,8443,443,true,SJC,North America,San Jose,10,12.88
172.67.225.39,8443,443,true,LAX,North America,Los Angeles,10,12.88
172.67.56.166,8443,443,true,LAX,North America,Los Angeles,10,12.88
104.17.86.184,8443,443,true,SJC,North America,San Jose,10,12.88
104.17.119.184,8443,443,true,SJC,North America,San Jose,10,12.88
104.19.142.82,8443,443,true,LAX,North America,Los Angeles,10,12.88
104.18.93.126,8443,443,true,HKG,Asia Pacific,Hong Kong,10,12.88
104.17.234.248,8443,443,true,SEA,North America,Seattle,10,12.88
104.23.112.62,8443,443,true,LAX,North America,Los Angeles,10,12.88
104.16.122.211,8443,443,true,SJC,North America,San Jose,10,12.88
104.19.171.226,8443,443,true,SEA,North America,Seattle,10,12.88
104.20.36.30,8443,443,true,LAX,North America,Los Angeles,10,12.88
104.25.49.107,8443,443,true,SJC,North America,San Jose,10,12.88
104.24.70.121,8443,443,true,LAX,North America,Los Angeles,10,12.88
104.20.108.235,8443,443,true,LAX,North America,Los Angeles,10,12.88
104.17.202.192,8443,443,true,SJC,North America,San Jose,10,12.88
172.67.104.214,8443,443,true,LAX,North America,Los Angeles,10,12.88
172.67.102.16,8443,443,true,LAX,North America,Los Angeles,10,12.88
104.20.113.105,8443,443,true,LAX,North America,Los Angeles,10,12.88
104.17.85.185,8443,443,true,SJC,North America,San Jose,11,12.88
104.20.158.106,8443,443,true,LAX,North America,Los Angeles,11,12.88
104.16.117.76,8443,443,true,SJC,North America,San Jose,11,12.88
172.66.2.218,8443,443,true,LAX,North America,Los Angeles,11,12.88
104.17.229.49,8443,443,true,SEA,North America,Seattle,11,12.88
104.16.16.15,8443,443,true,SJC,North America,San Jose,11,12.88
172.67.0.29,8443,443,true,FRA,Europe,Frankfurt,11,12.88
104.24.190.64,8443,443,true,LAX,North America,Los Angeles,11,12.88
104.17.106.106,8443,443,true,HKG,Asia Pacific,Hong Kong,11,12.88
104.16.17.67,8443,443,true,SJC,North America,San Jose,11,12.88
104.16.140.2,8443,443,true,FRA,Europe,Frankfurt,11,12.88
104.20.111.189,8443,443,true,SJC,North America,San Jose,11,12.88
104.24.26.47,8443,443,true,SJC,North America,San Jose,11,12.88
104.18.168.209,8443,443,true,SJC,North America,San Jose,11,12.88
104.24.254.164,8443,443,true,SJC,North America,San Jose,11,12.88
104.17.6.142,8443,443,true,SJC,North America,San Jose,11,12.88
104.19.161.15,8443,443,true,SEA,North America,Seattle,11,12.88
104.20.221.85,8443,443,true,LAX,North America,Los Angeles,11,12.88
104.27.25.2,8443,443,true,LAX,North America,Los Angeles,11,12.88
198.41.223.59,8443,443,true,HKG,Asia Pacific,Hong Kong,11,12.88
104.25.219.213,8443,443,true,SJC,North America,San Jose,12,12.88
104.20.110.165,8443,443,true,LAX,North America,Los Angeles,12,12.88
104.27.53.25,8443,443,true,SJC,North America,San Jose,12,12.88
172.67.113.62,8443,443,true,LAX,North America,Los Angeles,12,12.88
172.66.1.234,8443,443,true,SJC,North America,San Jose,12,12.88
104.24.41.115,8443,443,true,SJC,North America,San Jose,12,12.88
104.18.214.229,8443,443,true,SJC,North America,San Jose,12,12.88
104.25.45.79,8443,443,true,SJC,North America,San Jose,12,12.88
104.17.90.182,8443,443,true,SJC,North America,San Jose,12,12.88
104.21.24.28,8443,443,true,SEA,North America,Seattle,12,12.88
104.17.241.249,8443,443,true,SEA,North America,Seattle,12,12.88
104.25.163.27,8443,443,true,LAX,North America,Los Angeles,12,12.88
104.16.149.55,8443,443,true,SJC,North America,San Jose,12,12.88
172.67.166.12,8443,443,true,SEA,North America,Seattle,12,12.88
104.25.116.201,8443,443,true,LAX,North America,Los Angeles,12,12.88
104.24.87.74,8443,443,true,SJC,North America,San Jose,12,12.88
104.20.243.159,8443,443,true,LAX,North America,Los Angeles,12,12.88
104.20.26.64,8443,443,true,LAX,North America,Los Angeles,12,12.88
104.22.22.178,8443,443,true,SJC,North America,San Jose,13,12.88
104.17.227.164,8443,443,true,SEA,North America,Seattle,13,12.88
104.16.125.149,8443,443,true,SJC,North America,San Jose,13,12.88
104.25.253.147,8443,443,true,HKG,Asia Pacific,Hong Kong,13,12.88
104.18.209.64,8443,443,true,SJC,North America,San Jose,13,12.88
104.18.212.161,8443,443,true,SJC,North America,San Jose,13,12.88
104.18.210.232,8443,443,true,SJC,North America,San Jose,13,12.88
104.25.229.147,8443,443,true,LAX,North America,Los Angeles,13,12.88
162.159.137.31,8443,443,true,FRA,Europe,Frankfurt,13,12.88
104.18.13.38,8443,443,true,SEA,North America,Seattle,13,12.88
104.17.238.173,8443,443,true,SEA,North America,Seattle,13,12.88
104.17.240.204,8443,443,true,SEA,North America,Seattle,13,12.88
104.17.239.161,8443,443,true,SEA,North America,Seattle,13,12.88
104.18.56.7,8443,443,true,LAX,North America,Los Angeles,13,12.88
104.18.169.90,8443,443,true,SJC,North America,San Jose,13,12.88
104.19.24.133,8443,443,true,SJC,North America,San Jose,13,12.88
104.27.70.189,8443,443,true,LAX,North America,Los Angeles,13,12.88
104.17.221.198,8443,443,true,SJC,North America,San Jose,13,12.88
104.16.126.30,8443,443,true,SJC,North America,San Jose,13,12.88
104.25.160.4,8443,443,true,SJC,North America,San Jose,13,12.88
104.16.124.121,8443,443,true,SJC,North America,San Jose,13,12.88
104.19.137.24,8443,443,true,LAX,North America,Los Angeles,13,12.88
104.16.123.44,8443,443,true,SJC,North America,San Jose,13,12.88
172.64.87.159,8443,443,true,SJC,North America,San Jose,13,12.88
162.159.135.196,8443,443,true,NRT,Asia Pacific,Tokyo,13,12.88
104.22.24.23,8443,443,true,SJC,North America,San Jose,13,12.88
104.20.227.90,8443,443,true,LAX,North America,Los Angeles,14,12.88
104.18.61.7,8443,443,true,LAX,North America,Los Angeles,14,12.88
104.20.128.147,8443,443,true,LAX,North America,Los Angeles,14,12.88
104.18.167.117,8443,443,true,HKG,Asia Pacific,Hong Kong,14,12.88
104.19.69.135,8443,443,true,LAX,North America,Los Angeles,14,12.88
104.25.154.16,8443,443,true,LAX,North America,Los Angeles,14,12.88
172.64.88.137,8443,443,true,LAX,North America,Los Angeles,14,12.88
104.17.2.46,8443,443,true,SJC,North America,San Jose,14,12.88
104.24.191.213,8443,443,true,LAX,North America,Los Angeles,14,12.88
104.20.12.193,8443,443,true,LAX,North America,Los Angeles,14,12.88
104.17.96.255,8443,443,true,HKG,Asia Pacific,Hong Kong,14,12.88
104.16.118.121,8443,443,true,SJC,North America,San Jose,14,12.88
104.19.249.136,8443,443,true,SJC,North America,San Jose,14,12.88
104.25.4.109,8443,443,true,SJC,North America,San Jose,14,12.88
104.19.138.45,8443,443,true,LAX,North America,Los Angeles,14,12.88
104.24.76.58,8443,443,true,SJC,North America,San Jose,14,12.88
104.16.141.205,8443,443,true,FRA,Europe,Frankfurt,14,12.88
172.64.152.239,8443,443,true,LAX,North America,Los Angeles,14,12.88
104.17.232.245,8443,443,true,SEA,North America,Seattle,14,12.88
162.159.239.186,8443,443,true,SJC,North America,San Jose,14,12.88
162.159.240.69,8443,443,true,LAX,North America,Los Angeles,14,12.88
104.17.220.186,8443,443,true,HKG,Asia Pacific,Hong Kong,14,12.88
104.20.138.91,8443,443,true,SJC,North America,San Jose,15,12.88
104.16.128.248,8443,443,true,FRA,Europe,Frankfurt,15,12.88
104.16.129.171,8443,443,true,FRA,Europe,Frankfurt,15,12.88
104.24.155.109,8443,443,true,SJC,North America,San Jose,15,12.88
104.22.79.40,8443,443,true,LAX,North America,Los Angeles,15,12.88
104.19.67.93,8443,443,true,LAX,North America,Los Angeles,15,12.88
104.26.5.74,8443,443,true,HKG,Asia Pacific,Hong Kong,15,12.88
104.27.22.138,8443,443,true,LAX,North America,Los Angeles,15,12.88
172.67.76.177,8443,443,true,SEA,North America,Seattle,15,12.88
104.18.97.172,8443,443,true,SJC,North America,San Jose,15,12.88
104.19.254.153,8443,443,true,SJC,North America,San Jose,15,12.88
104.16.243.28,8443,443,true,HKG,Asia Pacific,Hong Kong,15,12.88
104.24.249.150,8443,443,true,LAX,North America,Los Angeles,15,12.88
104.21.220.102,8443,443,true,SJC,North America,San Jose,15,12.88
104.20.228.172,8443,443,true,LAX,North America,Los Angeles,15,12.88
104.20.226.154,8443,443,true,LAX,North America,Los Angeles,15,12.88
104.19.57.86,8443,443,true,SJC,North America,San Jose,15,12.88
104.16.238.64,8443,443,true,SJC,North America,San Jose,15,12.88
172.67.101.1,8443,443,true,LAX,North America,Los Angeles,15,12.88
104.20.136.104,8443,443,true,LAX,North America,Los Angeles,15,12.88
104.19.28.41,8443,443,true,LAX,North America,Los Angeles,16,12.88
104.16.233.185,8443,443,true,SJC,North America,San Jose,16,12.88
104.24.185.36,8443,443,true,LAX,North America,Los Angeles,16,12.88
104.24.38.142,8443,443,true,LAX,North America,Los Angeles,16,12.88
104.17.93.246,8443,443,true,SJC,North America,San Jose,16,12.88
104.16.237.128,8443,443,true,SJC,North America,San Jose,16,12.88
104.17.237.91,8443,443,true,SEA,North America,Seattle,16,12.88
104.17.236.97,8443,443,true,SEA,North America,Seattle,16,12.88
104.27.35.238,8443,443,true,SJC,North America,San Jose,16,12.88
104.22.59.236,8443,443,true,SEA,North America,Seattle,16,12.88
104.22.60.128,8443,443,true,SEA,North America,Seattle,16,12.88
104.22.53.255,8443,443,true,SEA,North America,Seattle,16,12.88
104.25.51.73,8443,443,true,LAX,North America,Los Angeles,16,12.88
104.25.52.90,8443,443,true,LAX,North America,Los Angeles,16,12.88
104.20.159.231,8443,443,true,LAX,North America,Los Angeles,16,12.88
104.25.220.160,8443,443,true,SJC,North America,San Jose,16,12.88
104.19.143.16,8443,443,true,LAX,North America,Los Angeles,16,12.88
104.24.28.143,8443,443,true,LAX,North America,Los Angeles,17,12.88
104.24.189.255,8443,443,true,LAX,North America,Los Angeles,17,12.88
104.21.105.106,8443,443,true,LAX,North America,Los Angeles,17,12.88
104.19.58.71,8443,443,true,SJC,North America,San Jose,17,12.88
104.22.57.27,8443,443,true,SEA,North America,Seattle,17,12.88
162.159.58.238,8443,443,true,LAX,North America,Los Angeles,17,12.88
104.25.214.224,8443,443,true,SJC,North America,San Jose,17,12.88
104.19.144.4,8443,443,true,SJC,North America,San Jose,17,12.88
104.27.67.210,8443,443,true,LAX,North America,Los Angeles,17,12.88
104.22.31.180,8443,443,true,SJC,North America,San Jose,17,12.88
104.21.99.190,8443,443,true,SJC,North America,San Jose,18,12.88
104.21.207.30,8443,443,true,LAX,North America,Los Angeles,18,12.88
104.24.192.159,8443,443,true,LAX,North America,Los Angeles,18,12.88
104.24.194.254,8443,443,true,LAX,North America,Los Angeles,18,12.88
104.24.63.127,8443,443,true,LAX,North America,Los Angeles,18,12.88
104.22.74.196,8443,443,true,LAX,North America,Los Angeles,18,12.88
104.16.15.197,8443,443,true,SEA,North America,Seattle,18,12.88
104.16.18.201,8443,443,true,SJC,North America,San Jose,18,12.88
104.24.29.212,8443,443,true,LAX,North America,Los Angeles,18,12.88
104.17.104.229,8443,443,true,HKG,Asia Pacific,Hong Kong,18,12.88
104.25.153.178,8443,443,true,LAX,North America,Los Angeles,18,12.88
104.24.188.165,8443,443,true,SJC,North America,San Jose,18,12.88
104.24.75.240,8443,443,true,LAX,North America,Los Angeles,19,12.88
104.17.1.57,8443,443,true,SJC,North America,San Jose,19,12.88
104.22.37.164,8443,443,true,LAX,North America,Los Angeles,19,12.88
104.16.121.13,8443,443,true,SJC,North America,San Jose,19,12.88
104.21.101.36,8443,443,true,SJC,North America,San Jose,19,12.88
172.67.94.204,8443,443,true,LAX,North America,Los Angeles,19,12.88
104.16.241.98,8443,443,true,SJC,North America,San Jose,19,12.88
104.25.130.166,8443,443,true,SJC,North America,San Jose,19,12.88
104.16.120.69,8443,443,true,SJC,North America,San Jose,19,12.88
104.25.47.194,8443,443,true,LAX,North America,Los Angeles,19,12.88
104.24.199.84,8443,443,true,LAX,North America,Los Angeles,19,12.88
104.20.46.169,8443,443,true,LAX,North America,Los Angeles,19,12.88
104.16.119.223,8443,443,true,SJC,North America,San Jose,19,12.88
104.16.139.149,8443,443,true,FRA,Europe,Frankfurt,20,12.88
104.20.231.52,8443,443,true,LAX,North America,Los Angeles,20,12.88
104.16.232.171,8443,443,true,SJC,North America,San Jose,20,12.88
104.19.173.139,8443,443,true,SEA,North America,Seattle,20,12.88
104.25.227.237,8443,443,true,SJC,North America,San Jose,20,12.88
104.19.39.47,8443,443,true,SJC,North America,San Jose,20,12.88
104.24.178.31,8443,443,true,LAX,North America,Los Angeles,20,12.88
104.25.224.205,8443,443,true,SJC,North America,San Jose,20,12.88
104.16.138.64,8443,443,true,FRA,Europe,Frankfurt,20,12.88
104.16.81.51,8443,443,true,SJC,North America,San Jose,20,12.88
104.26.14.141,8443,443,true,SEA,North America,Seattle,20,12.88
104.19.251.222,8443,443,true,SJC,North America,San Jose,20,12.88
104.19.32.214,8443,443,true,LAX,North America,Los Angeles,20,12.88
104.24.150.137,8443,443,true,LAX,North America,Los Angeles,20,12.88
104.22.71.235,8443,443,true,LAX,North America,Los Angeles,20,12.88
104.25.44.44,8443,443,true,SJC,North America,San Jose,21,12.88
104.17.118.14,8443,443,true,SJC,North America,San Jose,21,12.88
104.24.253.147,8443,443,true,SJC,North America,San Jose,21,12.88
172.66.44.195,8443,443,true,SEA,North America,Seattle,21,12.88
104.19.49.163,8443,443,true,LAX,North America,Los Angeles,21,12.88
104.20.230.154,8443,443,true,LAX,North America,Los Angeles,21,12.88
104.24.134.143,8443,443,true,SJC,North America,San Jose,21,12.88
104.24.186.46,8443,443,true,LAX,North America,Los Angeles,21,12.88
104.20.229.45,8443,443,true,LAX,North America,Los Angeles,21,12.88
104.24.193.56,8443,443,true,LAX,North America,Los Angeles,21,12.88
104.16.246.135,8443,443,true,SJC,North America,San Jose,21,12.88
104.25.40.139,8443,443,true,LAX,North America,Los Angeles,21,12.88
104.17.7.98,8443,443,true,SJC,North America,San Jose,21,12.88
104.17.8.12,8443,443,true,SJC,North America,San Jose,21,12.88
104.25.158.208,8443,443,true,SJC,North America,San Jose,22,12.88
104.25.156.62,8443,443,true,LAX,North America,Los Angeles,22,12.88
172.66.40.255,8443,443,true,SEA,North America,Seattle,22,12.88
104.20.2.9,8443,443,true,SJC,North America,San Jose,22,12.88
104.23.111.11,8443,443,true,LAX,North America,Los Angeles,22,12.88
104.16.144.103,8443,443,true,SJC,North America,San Jose,22,12.88
104.20.1.226,8443,443,true,LAX,North America,Los Angeles,22,12.88
104.16.229.102,8443,443,true,SJC,North America,San Jose,23,12.88
104.16.133.213,8443,443,true,FRA,Europe,Frankfurt,23,12.88
104.16.201.42,8443,443,true,SJC,North America,San Jose,23,12.88
104.20.3.219,8443,443,true,LAX,North America,Los Angeles,23,12.88
104.16.142.36,8443,443,true,FRA,Europe,Frankfurt,23,12.88
104.16.143.217,8443,443,true,FRA,Europe,Frankfurt,23,12.88
104.20.0.119,8443,443,true,LAX,North America,Los Angeles,23,12.88
104.24.140.223,8443,443,true,SJC,North America,San Jose,23,12.88
104.27.79.193,8443,443,true,LAX,North America,Los Angeles,23,12.88
108.162.192.230,8443,443,true,LAX,North America,Los Angeles,23,12.88
104.18.64.148,8443,443,true,SEA,North America,Seattle,24,12.88
104.18.203.64,8443,443,true,SJC,North America,San Jose,24,12.88
104.27.68.152,8443,443,true,LAX,North America,Los Angeles,24,12.88
198.41.217.30,8443,443,true,LAX,North America,Los Angeles,24,12.88
104.27.77.17,8443,443,true,LAX,North America,Los Angeles,24,12.88
172.67.110.112,8443,443,true,LAX,North America,Los Angeles,24,12.88
104.18.198.46,8443,443,true,SJC,North America,San Jose,24,12.88
172.67.114.43,8443,443,true,LAX,North America,Los Angeles,24,12.88
108.162.193.53,8443,443,true,LAX,North America,Los Angeles,24,12.88
198.41.216.122,8443,443,true,LAX,North America,Los Angeles,24,12.88
104.19.21.47,8443,443,true,SJC,North America,San Jose,24,12.88
104.18.112.96,8443,443,true,FRA,Europe,Frankfurt,24,12.88
104.19.20.69,8443,443,true,SJC,North America,San Jose,24,12.88
104.23.113.154,8443,443,true,SJC,North America,San Jose,25,12.88
1.0.0.116,8443,443,true,LAX,North America,Los Angeles,25,12.88
1.1.1.200,8443,443,true,NRT,Asia Pacific,Tokyo,25,12.88
104.20.31.230,8443,443,true,LAX,North America,Los Angeles,25,12.88
104.24.68.221,8443,443,true,LAX,North America,Los Angeles,25,12.88
104.22.43.140,8443,443,true,LAX,North America,Los Angeles,26,12.88
172.67.202.205,8443,443,true,LAX,North America,Los Angeles,26,12.88
104.20.106.185,8443,443,true,LAX,North America,Los Angeles,26,12.88
104.22.42.166,8443,443,true,LAX,North America,Los Angeles,26,12.88
104.17.53.216,8443,443,true,SJC,North America,San Jose,26,12.88
104.27.27.78,8443,443,true,SJC,North America,San Jose,26,12.88
104.19.255.47,8443,443,true,SJC,North America,San Jose,27,12.88
172.67.47.0,8443,443,true,LAX,North America,Los Angeles,27,12.88
104.25.46.181,8443,443,true,LAX,North America,Los Angeles,27,12.88
104.25.109.168,8443,443,true,SJC,North America,San Jose,27,12.88
104.25.108.20,8443,443,true,SJC,North America,San Jose,27,12.88
104.20.28.105,8443,443,true,SJC,North America,San Jose,28,12.88
104.25.26.242,8443,443,true,SJC,North America,San Jose,28,12.88
104.18.201.139,8443,443,true,SJC,North America,San Jose,28,12.88
104.25.25.160,8443,443,true,LAX,North America,Los Angeles,28,12.88
104.20.171.50,8443,443,true,LAX,North America,Los Angeles,28,12.88
104.16.32.56,8443,443,true,SEA,North America,Seattle,28,12.88
104.16.37.2,8443,443,true,SEA,North America,Seattle,28,12.88
104.16.35.50,8443,443,true,SEA,North America,Seattle,28,12.88
104.16.28.223,8443,443,true,SJC,North America,San Jose,28,12.88
104.17.235.91,8443,443,true,SEA,North America,Seattle,28,12.88
104.20.142.133,8443,443,true,SJC,North America,San Jose,28,12.88
104.25.5.41,8443,443,true,LAX,North America,Los Angeles,29,12.88
104.16.24.203,8443,443,true,SJC,North America,San Jose,29,12.88
104.16.29.57,8443,443,true,SJC,North America,San Jose,29,12.88
104.16.27.57,8443,443,true,SJC,North America,San Jose,29,12.88
104.16.33.243,8443,443,true,SEA,North America,Seattle,29,12.88
104.16.19.77,8443,443,true,SJC,North America,San Jose,29,12.88
104.16.22.37,8443,443,true,SJC,North America,San Jose,30,12.88
104.16.20.175,8443,443,true,SJC,North America,San Jose,30,12.88
104.16.23.204,8443,443,true,SJC,North America,San Jose,30,12.88
104.16.21.46,8443,443,true,SJC,North America,San Jose,30,12.88
104.27.26.164,8443,443,true,LAX,North America,Los Angeles,30,12.88
104.16.30.66,8443,443,true,SJC,North America,San Jose,30,12.88
104.16.25.186,8443,443,true,SJC,North America,San Jose,30,12.88
104.21.211.81,8443,443,true,LAX,North America,Los Angeles,30,12.88
104.16.26.71,8443,443,true,SJC,North America,San Jose,30,12.88
104.18.219.57,8443,443,true,SJC,North America,San Jose,30,12.88
104.16.38.161,8443,443,true,SEA,North America,Seattle,30,12.88
104.16.40.149,8443,443,true,SEA,North America,Seattle,30,12.88
104.18.94.59,8443,443,true,HKG,Asia Pacific,Hong Kong,31,12.88
172.66.46.221,8443,443,true,SEA,North America,Seattle,31,12.88
104.17.0.206,8443,443,true,SJC,North America,San Jose,31,12.88
162.159.236.83,8443,443,true,LAX,North America,Los Angeles,31,12.88
104.24.73.237,8443,443,true,LAX,North America,Los Angeles,32,12.88
104.20.145.246,8443,443,true,LAX,North America,Los Angeles,32,12.88
104.20.223.213,8443,443,true,LAX,North America,Los Angeles,32,12.88
104.21.210.132,8443,443,true,PDX,North America,Portland,33,12.88
104.20.112.146,8443,443,true,LAX,North America,Los Angeles,33,12.88
104.19.80.217,8443,443,true,LAX,North America,Los Angeles,33,12.88
104.24.141.119,8443,443,true,SJC,North America,San Jose,34,12.88
172.66.43.119,8443,443,true,SEA,North America,Seattle,34,12.88
104.16.146.137,8443,443,true,SJC,North America,San Jose,35,12.88
104.16.145.210,8443,443,true,SJC,North America,San Jose,35,12.88
172.64.89.167,8443,443,true,LAX,North America,Los Angeles,35,12.88
172.65.190.188,8443,443,true,FRA,Europe,Frankfurt,37,12.88
104.26.8.211,8443,443,true,SEA,North America,Seattle,38,12.88
104.20.131.108,8443,443,true,LAX,North America,Los Angeles,39,12.88
104.25.50.122,8443,443,true,LAX,North America,Los Angeles,43,12.88
104.20.139.216,8443,443,true,LAX,North America,Los Angeles,44,12.88
104.23.99.135,8443,443,true,LAX,North America,Los Angeles,46,12.88

